eval_loss,eval_accuracy,eval_precision,eval_recall,eval_f1,eval_runtime,eval_samples_per_second,eval_steps_per_second,epoch,chunk
0.4813670516014099,0.8732327495252163,0.9256752532620252,0.8732327495252163,0.8746636980941277,1683.4411,2.376,0.594,5.0,1
0.4612809419631958,0.8769782654568474,0.9349413558444658,0.8769782654568474,0.8807154024920516,1892.0222,2.114,0.529,5.0,2
0.45609191060066223,0.8771892804389112,0.9355312011740821,0.8771892804389112,0.8802682320197533,1578.2064,2.535,0.634,5.0,3
0.4527038037776947,0.8775585566575227,0.9355717519542749,0.8775585566575227,0.880746425842462,1725.6781,2.318,0.579,5.0,4
0.4484364092350006,0.8787718928043892,0.9356892710865269,0.8787718928043892,0.881200948072863,1584.5712,2.524,0.631,5.0,5
