chunk,avg_train_loss
1,0.626251
2,0.4734745
3,0.4621425
4,0.4603995000000001
5,0.45669524999999994
